/*
 Navicat Premium Data Transfer

 Source Server         : localhost_3306
 Source Server Type    : MySQL
 Source Server Version : 80019
 Source Host           : localhost:3306
 Source Schema         : agriculture

 Target Server Type    : MySQL
 Target Server Version : 80019
 File Encoding         : 65001

 Date: 20/07/2024 21:27:03
*/

SET NAMES utf8mb4;
SET FOREIGN_KEY_CHECKS = 0;

-- ----------------------------
-- Table structure for address_book
-- ----------------------------
DROP TABLE IF EXISTS `address_book`;
CREATE TABLE `address_book`  (
  `id` bigint NOT NULL COMMENT '主键',
  `user_id` bigint NOT NULL COMMENT '用户id',
  `consignee` varchar(50) CHARACTER SET utf8 COLLATE utf8_bin NOT NULL COMMENT '收货人',
  `sex` tinyint NOT NULL COMMENT '性别 0 女 1 男',
  `phone` varchar(11) CHARACTER SET utf8 COLLATE utf8_bin NOT NULL COMMENT '手机号',
  `detail` varchar(200) CHARACTER SET utf8mb4 COLLATE utf8mb4_0900_ai_ci NULL DEFAULT NULL COMMENT '详细地址',
  `label` varchar(100) CHARACTER SET utf8mb4 COLLATE utf8mb4_0900_ai_ci NULL DEFAULT NULL COMMENT '标签',
  `is_default` tinyint(1) NOT NULL DEFAULT 0 COMMENT '默认 0 否 1是',
  `create_time` datetime NOT NULL COMMENT '创建时间',
  `update_time` datetime NOT NULL COMMENT '更新时间',
  `create_user` bigint NOT NULL COMMENT '创建人',
  `update_user` bigint NOT NULL COMMENT '修改人',
  `is_deleted` int NOT NULL DEFAULT 0 COMMENT '是否删除',
  PRIMARY KEY (`id`) USING BTREE
) ENGINE = InnoDB CHARACTER SET = utf8 COLLATE = utf8_bin COMMENT = '地址管理' ROW_FORMAT = Dynamic;

-- ----------------------------
-- Records of address_book
-- ----------------------------
INSERT INTO `address_book` VALUES (1417414526093082626, 1417012167126876162, '小明', 1, '13812345678', '昌平区金燕龙办公楼', '公司', 1, '2021-07-20 17:22:12', '2021-07-20 17:26:33', 1417012167126876162, 1417012167126876162, 0);
INSERT INTO `address_book` VALUES (1417414926166769666, 1417012167126876162, '小李', 1, '13512345678', '测试', '家', 0, '2021-07-20 17:23:47', '2021-07-20 17:23:47', 1417012167126876162, 1417012167126876162, 0);
INSERT INTO `address_book` VALUES (1781142704142983169, 1780782956872732673, 't', 1, '13021678222', '青岛农业大学', '学校', 1, '2024-04-19 10:08:07', '2024-05-28 11:25:54', 1780782956872732673, 1780782956872732673, 0);
INSERT INTO `address_book` VALUES (1782081190345879553, 1, 't', 1, '13021678222', '青岛农业大学', '学校', 0, '2024-04-22 00:17:20', '2024-04-22 00:18:15', 1, 1, 0);
INSERT INTO `address_book` VALUES (1795159806793281538, 1780782956872732673, '田', 1, '13021678222', '山东省青岛市市北区合肥路16号8号楼1单元303户', '家', 0, '2024-05-28 02:27:05', '2024-05-28 02:27:14', 1780782956872732673, 1780782956872732673, 0);

-- ----------------------------
-- Table structure for category
-- ----------------------------
DROP TABLE IF EXISTS `category`;
CREATE TABLE `category`  (
  `id` bigint NOT NULL COMMENT '主键',
  `type` int NULL DEFAULT NULL COMMENT '类型   1 菜品分类 2 套餐分类',
  `name` varchar(64) CHARACTER SET utf8 COLLATE utf8_bin NOT NULL COMMENT '分类名称',
  `sort` int NOT NULL DEFAULT 0 COMMENT '顺序',
  `create_time` datetime NOT NULL COMMENT '创建时间',
  `update_time` datetime NOT NULL COMMENT '更新时间',
  `create_user` bigint NOT NULL COMMENT '创建人',
  `update_user` bigint NOT NULL COMMENT '修改人',
  PRIMARY KEY (`id`) USING BTREE,
  UNIQUE INDEX `idx_category_name`(`name` ASC) USING BTREE
) ENGINE = InnoDB CHARACTER SET = utf8 COLLATE = utf8_bin COMMENT = '菜品及套餐分类' ROW_FORMAT = Dynamic;

-- ----------------------------
-- Records of category
-- ----------------------------
INSERT INTO `category` VALUES (1397844263642378242, 1, '蔬菜', 1, '2021-05-27 09:16:58', '2024-04-18 10:16:38', 1, 1);
INSERT INTO `category` VALUES (1397844303408574465, 1, '肉类', 2, '2021-05-27 09:17:07', '2024-04-18 10:16:44', 1, 1);
INSERT INTO `category` VALUES (1397844391040167938, 1, '蛋类', 3, '2021-05-27 09:17:28', '2024-04-18 10:16:49', 1, 1);
INSERT INTO `category` VALUES (1413341197421846529, 1, '水果', 11, '2021-07-09 11:36:15', '2024-04-18 10:17:16', 1, 1);
INSERT INTO `category` VALUES (1413342269393674242, 2, '蔬菜大礼包', 5, '2021-07-09 11:40:30', '2024-04-18 10:17:01', 1, 1);
INSERT INTO `category` VALUES (1413384954989060097, 1, '谷物', 12, '2021-07-09 14:30:07', '2024-04-18 10:17:21', 1, 1);
INSERT INTO `category` VALUES (1413386191767674881, 2, '荤素搭配包', 6, '2021-07-09 14:35:02', '2024-04-18 10:17:09', 1, 1);
INSERT INTO `category` VALUES (1781159849308467201, 2, '水果礼包', 7, '2024-04-19 11:16:15', '2024-04-19 11:16:25', 1, 1);
INSERT INTO `category` VALUES (1781356401998172162, 2, '礼盒', 8, '2024-04-20 00:17:17', '2024-04-20 00:17:17', 1, 1);
INSERT INTO `category` VALUES (1781876495270600705, 1, '海鲜', 13, '2024-04-21 10:43:57', '2024-04-21 10:43:57', 1, 1);
INSERT INTO `category` VALUES (1795157334087495681, 2, '海鲜礼盒', 14, '2024-05-28 02:17:16', '2024-05-28 02:17:16', 1, 1);

-- ----------------------------
-- Table structure for dish
-- ----------------------------
DROP TABLE IF EXISTS `dish`;
CREATE TABLE `dish`  (
  `id` bigint NOT NULL COMMENT '主键',
  `name` varchar(64) CHARACTER SET utf8 COLLATE utf8_bin NOT NULL COMMENT '菜品名称',
  `category_id` bigint NOT NULL COMMENT '菜品分类id',
  `price` decimal(10, 2) NULL DEFAULT NULL COMMENT '菜品价格',
  `code` varchar(64) CHARACTER SET utf8 COLLATE utf8_bin NOT NULL COMMENT '商品码',
  `image` varchar(200) CHARACTER SET utf8 COLLATE utf8_bin NOT NULL COMMENT '图片',
  `description` varchar(400) CHARACTER SET utf8 COLLATE utf8_bin NULL DEFAULT NULL COMMENT '描述信息',
  `status` int NOT NULL DEFAULT 1 COMMENT '0 停售 1 起售',
  `sort` int NOT NULL DEFAULT 0 COMMENT '顺序',
  `create_time` datetime NOT NULL COMMENT '创建时间',
  `update_time` datetime NOT NULL COMMENT '更新时间',
  `create_user` bigint NOT NULL COMMENT '创建人',
  `update_user` bigint NOT NULL COMMENT '修改人',
  `is_deleted` int NOT NULL DEFAULT 0 COMMENT '是否删除',
  PRIMARY KEY (`id`) USING BTREE,
  UNIQUE INDEX `idx_dish_name`(`name` ASC) USING BTREE
) ENGINE = InnoDB CHARACTER SET = utf8 COLLATE = utf8_bin COMMENT = '菜品管理' ROW_FORMAT = Dynamic;

-- ----------------------------
-- Records of dish
-- ----------------------------
INSERT INTO `dish` VALUES (1397849739276890114, '金针菇', 1397844263642378242, 7800.00, '222222222', 'c203c040-5a6c-4856-a42a-d4d05421742d.jpg', '烤着吃', 1, 0, '2021-05-27 09:38:43', '2024-05-27 23:05:53', 1, 1, 0);
INSERT INTO `dish` VALUES (1397850140982161409, '杏鲍菇', 1397844263642378242, 6800.00, '123412341234', '0a3b3288-3446-4420-bbff-f263d0c02d8e.jpg', '很好吃', 1, 0, '2021-05-27 09:40:19', '2024-05-26 23:37:20', 1, 1, 0);
INSERT INTO `dish` VALUES (1397850392090947585, '鱼翅', 1397844303408574465, 4800.00, '123412341234', '740c79ce-af29-41b8-b78d-5f49c96e38c4.jpg', '鱼翅，看图足以表明好吃程度', 1, 0, '2021-05-27 09:41:19', '2024-05-11 17:18:01', 1, 1, 0);
INSERT INTO `dish` VALUES (1397850851245600769, '黄瓜', 1397844263642378242, 12800.00, '123412341234', '2bd365b3-4a9e-4232-b07b-4707ff07ca44.jpg', '可以生吃是的', 1, 0, '2021-05-27 09:43:08', '2024-05-27 23:04:32', 1, 1, 0);
INSERT INTO `dish` VALUES (1397851099502260226, '上海青', 1397844263642378242, 11800.00, '23412341234', 'f0d88117-8475-423e-9536-65536344d3b0.jpg', '爽口', 1, 0, '2021-05-27 09:44:08', '2024-05-27 23:06:35', 1, 1, 0);
INSERT INTO `dish` VALUES (1397851370462687234, '见手青', 1397844263642378242, 13800.00, '1246812345678', 'f0b820a7-28bc-4f68-8303-41e1e6b57ac9.jpg', '有毒', 1, 0, '2021-05-27 09:45:12', '2024-05-27 23:06:23', 1, 1, 0);
INSERT INTO `dish` VALUES (1397851668262465537, '胶州白菜', 1397844263642378242, 16800.00, '1234567812345678', '41550b1e-a345-4381-a301-ee7dd7858a8d.jpg', '很贵的白菜', 1, 0, '2021-05-27 09:46:23', '2024-05-11 17:20:30', 1, 1, 0);
INSERT INTO `dish` VALUES (1397852391150759938, '牛肉', 1397844303408574465, 8800.00, '2346812468', 'd6b6dd5a-0a84-4d72-b026-e59f53566a77.jpg', '和牛', 1, 0, '2021-05-27 09:49:16', '2024-05-27 23:05:19', 1, 1, 0);
INSERT INTO `dish` VALUES (1397853183287013378, '兔肉', 1397844303408574465, 19800.00, '123456787654321', '0826a00c-0362-4c67-853d-356a82b35a1c.jpg', '确实有点贵', 1, 0, '2021-05-27 09:52:24', '2024-05-27 23:08:47', 1, 1, 0);
INSERT INTO `dish` VALUES (1397853709101740034, '猪肉', 1397844303408574465, 9800.00, '1234321234321', 'a116f487-be97-489c-b128-200795824621.jpg', '多么的有食欲啊', 1, 0, '2021-05-27 09:54:30', '2024-05-27 23:08:56', 1, 1, 0);
INSERT INTO `dish` VALUES (1397854652581064706, '鱼', 1397844303408574465, 14800.00, '2345312·345321', '1fdbfbf3-1d86-4b29-a3fc-46345852f2f8.jpg', '鱼片是买的切好的鱼片', 1, 0, '2021-05-27 09:58:15', '2024-05-02 21:33:07', 1, 1, 0);
INSERT INTO `dish` VALUES (1397854865672679425, '鸡肉', 1397844303408574465, 2000.00, '23456431·23456', '0f252364-a561-4e8d-8065-9a6797a6b1d3.jpg', '新鲜的鸡肉', 1, 0, '2021-05-27 09:59:06', '2024-05-02 21:32:48', 1, 1, 0);
INSERT INTO `dish` VALUES (1795104473077026817, '羊肉', 1397844303408574465, 10000.00, '', 'a426f315-2970-4e61-b811-bfd7216a7a1c.jpg', '我不吃羊肉', 1, 0, '2024-05-27 22:47:12', '2024-05-27 23:04:20', 1, 1, 0);
INSERT INTO `dish` VALUES (1795104555964862466, '鳄鱼', 1397844303408574465, 100000.00, '', '07052412-bee2-45f9-adde-b560bd40fed6.png', '你确定要买吗', 1, 0, '2024-05-27 22:47:32', '2024-05-27 22:47:32', 1, 1, 0);
INSERT INTO `dish` VALUES (1795104650064072706, '黑米', 1413384954989060097, 500.00, '', '91a48d03-5faf-4467-832b-5db2ca724ee0.jpg', '可以做黑米糕', 1, 0, '2024-05-27 22:47:55', '2024-05-27 23:03:51', 1, 1, 0);
INSERT INTO `dish` VALUES (1795104748936400897, '扇贝', 1781876495270600705, 1400.00, '', 'a47ee2e6-8eeb-4ea2-86af-3df8828be6cb.jpg', '新鲜的扇贝', 1, 0, '2024-05-27 22:48:18', '2024-05-27 23:03:42', 1, 1, 0);
INSERT INTO `dish` VALUES (1795105031661850625, '海草', 1781876495270600705, 100.00, '', '5f39b7bf-6bba-464c-9c43-070987f93710.jpg', '白送', 1, 0, '2024-05-27 22:49:26', '2024-05-27 23:04:02', 1, 1, 0);
INSERT INTO `dish` VALUES (1795105108333727746, '佛手', 1413341197421846529, 2300.00, '', '82b9ded1-baca-4920-8c65-5194ab18d4ac.png', '海南特产', 1, 0, '2024-05-27 22:49:44', '2024-05-27 22:49:44', 1, 1, 0);
INSERT INTO `dish` VALUES (1795105237694451714, '榴莲', 1413341197421846529, 6200.00, '', 'e03a67b8-80ac-484b-83b2-780a2ae703c6.jpg', '有点臭', 1, 0, '2024-05-27 22:50:15', '2024-05-27 23:04:45', 1, 1, 0);
INSERT INTO `dish` VALUES (1795105332984844289, '蚕豆', 1413384954989060097, 500.00, '', '7ba76039-502c-4ef3-a8ee-aa2a7343fc41.png', '可以炒着吃', 1, 0, '2024-05-27 22:50:37', '2024-05-27 22:50:37', 1, 1, 0);
INSERT INTO `dish` VALUES (1795105393940664322, '花生', 1413384954989060097, 300.00, '', '909606c3-3340-4f36-a29e-769c2453e182.jpg', '很好吃的花生', 1, 0, '2024-05-27 22:50:52', '2024-05-27 23:02:57', 1, 1, 0);
INSERT INTO `dish` VALUES (1795105494171947009, '猕猴桃', 1413341197421846529, 3500.00, '', '451826cb-1e39-4877-8820-bcc7b4beb3a7.jpg', '酸酸甜甜', 1, 0, '2024-05-27 22:51:16', '2024-05-27 23:02:18', 1, 1, 0);
INSERT INTO `dish` VALUES (1795105620223365121, '大鹅', 1397844303408574465, 6600.00, '', '0f468969-f04a-461c-a45b-e693bd064e68.jpg', '狠狠的咬你', 1, 0, '2024-05-27 22:51:46', '2024-05-27 23:01:23', 1, 1, 0);
INSERT INTO `dish` VALUES (1795105818525863938, '大熊猫', 1397844303408574465, 999900.00, '', 'efddff53-631a-43a7-bd1b-9e91cb82ffc5.jpg', '我敢卖你敢吃吗', 1, 0, '2024-05-27 22:52:33', '2024-05-27 22:59:59', 1, 1, 0);
INSERT INTO `dish` VALUES (1795106290246651906, '狗肉', 1397844303408574465, 6500.00, '', 'e20758aa-d42d-4406-a89f-2c51261fff10.jpg', '狗是人类的好朋友', 1, 0, '2024-05-27 22:54:26', '2024-05-27 22:59:32', 1, 1, 0);
INSERT INTO `dish` VALUES (1795106465665028098, '鸟蛋', 1397844391040167938, 9900.00, '', 'e293a940-fb27-4161-95b9-9487912096c4.jpg', '我也不知道好不好吃', 1, 0, '2024-05-27 22:55:08', '2024-05-27 22:59:26', 1, 1, 0);
INSERT INTO `dish` VALUES (1795106536452296706, '鸵鸟蛋', 1397844391040167938, 7400.00, '', 'e80dcbcb-bb57-448e-9ae9-398920777a2d.jpg', '网红产品', 1, 0, '2024-05-27 22:55:24', '2024-05-27 22:59:19', 1, 1, 0);
INSERT INTO `dish` VALUES (1795109550714032130, '薏米', 1413384954989060097, 2300.00, '', 'ddf24a97-f606-4c3c-9f62-ebd23b8d2ef6.jpg', '做粥', 1, 0, '2024-05-27 23:07:23', '2024-05-27 23:07:23', 1, 1, 0);
INSERT INTO `dish` VALUES (1795109661208776705, '芝麻', 1413384954989060097, 300.00, '', '9e48540b-05a8-4de5-a989-25794712e081.jpg', '美发', 1, 0, '2024-05-27 23:07:49', '2024-05-27 23:07:49', 1, 1, 0);
INSERT INTO `dish` VALUES (1795109835058483202, '干枣', 1413384954989060097, 1200.00, '', 'f6dd173b-c077-4f50-9297-a248cb71979f.jpg', '干干的但是很甜', 1, 0, '2024-05-27 23:08:31', '2024-05-27 23:08:31', 1, 1, 0);
INSERT INTO `dish` VALUES (1795110161912205314, '刀鱼', 1781876495270600705, 4500.00, '', '3fc2e55b-71d0-4278-80b8-058c292150f3.jpg', '很新鲜', 1, 0, '2024-05-27 23:09:49', '2024-05-27 23:09:49', 1, 1, 0);
INSERT INTO `dish` VALUES (1795110326106624001, '虾虎', 1781876495270600705, 4800.00, '', 'b38d56eb-7d55-43e0-80bf-761d1319d434.jpg', '皮这一下很开心', 1, 0, '2024-05-27 23:10:28', '2024-05-27 23:10:28', 1, 1, 0);
INSERT INTO `dish` VALUES (1795110549272956929, '三文鱼', 1781876495270600705, 78500.00, '', 'e895ca28-d983-4ad0-ac4d-f7c4de8f297d.jpg', '生吃', 1, 0, '2024-05-27 23:11:21', '2024-05-27 23:11:21', 1, 1, 0);
INSERT INTO `dish` VALUES (1795110716168507393, '帝王蟹', 1781876495270600705, 99900.00, '', 'dba95602-16e5-43ba-b1d5-53784a4c0837.jpg', '尊贵', 1, 0, '2024-05-27 23:12:01', '2024-05-27 23:12:01', 1, 1, 0);
INSERT INTO `dish` VALUES (1795157656876937218, '油菜', 1397844263642378242, 1500.00, '', '830a62e3-edca-4bda-bb8a-83502640d626.jpg', '好吃', 1, 0, '2024-05-28 02:18:32', '2024-05-28 02:18:32', 1, 1, 0);
INSERT INTO `dish` VALUES (1795157996133216258, '豆角', 1397844263642378242, 500.00, '', 'fb0a7db0-7a70-4c5f-90cf-8a599215b989.jpg', '山东名菜', 1, 0, '2024-05-28 02:19:53', '2024-05-28 02:19:53', 1, 1, 0);
INSERT INTO `dish` VALUES (1795158219547013121, '土豆', 1397844263642378242, 400.00, '', '682a2ed9-c3d7-47c6-abbe-bd0be7318d7c.jpeg', '怎么做都好吃', 1, 0, '2024-05-28 02:20:47', '2024-05-28 02:20:47', 1, 1, 0);
INSERT INTO `dish` VALUES (1795158408055812097, '茄子', 1397844263642378242, 600.00, '', '07adac9a-2c40-4c69-b8f3-a6bf6cffbaed.jpg', '大茄子刚摘的', 1, 0, '2024-05-28 02:21:32', '2024-05-28 02:21:32', 1, 1, 0);
INSERT INTO `dish` VALUES (1795158597193756674, '苹果', 1413341197421846529, 600.00, '', '14e73063-6f61-46f3-a0a4-1bcd10527d47.jpg', '大大的红富士', 1, 0, '2024-05-28 02:22:17', '2024-05-28 02:22:17', 1, 1, 0);
INSERT INTO `dish` VALUES (1795158847547568130, '梨', 1413341197421846529, 600.00, '', '7e8ff2c0-4ca7-4a92-871f-ff856bd70b79.jpg', '有黄有大', 1, 0, '2024-05-28 02:23:16', '2024-05-28 02:23:16', 1, 1, 0);
INSERT INTO `dish` VALUES (1795159092847243265, '李子', 1413341197421846529, 1600.00, '', '46b39e58-db95-4470-a636-9e742358a4ee.jpg', '黑布林大李子，甜', 1, 0, '2024-05-28 02:24:15', '2024-05-28 02:24:15', 1, 1, 0);

-- ----------------------------
-- Table structure for dish_flavor
-- ----------------------------
DROP TABLE IF EXISTS `dish_flavor`;
CREATE TABLE `dish_flavor`  (
  `id` bigint NOT NULL COMMENT '主键',
  `dish_id` bigint NOT NULL COMMENT '菜品',
  `name` varchar(64) CHARACTER SET utf8 COLLATE utf8_bin NOT NULL COMMENT '口味名称',
  `value` varchar(500) CHARACTER SET utf8 COLLATE utf8_bin NULL DEFAULT NULL COMMENT '口味数据list',
  `create_time` datetime NOT NULL COMMENT '创建时间',
  `update_time` datetime NOT NULL COMMENT '更新时间',
  `create_user` bigint NOT NULL COMMENT '创建人',
  `update_user` bigint NOT NULL COMMENT '修改人',
  `is_deleted` int NOT NULL DEFAULT 0 COMMENT '是否删除',
  PRIMARY KEY (`id`) USING BTREE
) ENGINE = InnoDB CHARACTER SET = utf8 COLLATE = utf8_bin COMMENT = '菜品口味关系表' ROW_FORMAT = Dynamic;

-- ----------------------------
-- Records of dish_flavor
-- ----------------------------
INSERT INTO `dish_flavor` VALUES (1397849417888346113, 1397849417854791681, '辣度', '[\"不辣\",\"微辣\",\"中辣\",\"重辣\"]', '2021-05-27 09:37:27', '2021-05-27 09:37:27', 1, 1, 0);
INSERT INTO `dish_flavor` VALUES (1397849936421761025, 1397849936404983809, '忌口', '[\"不要葱\",\"不要蒜\",\"不要香菜\",\"不要辣\"]', '2021-05-27 09:39:30', '2021-05-27 09:39:30', 1, 1, 0);
INSERT INTO `dish_flavor` VALUES (1397849936438538241, 1397849936404983809, '辣度', '[\"不辣\",\"微辣\",\"中辣\",\"重辣\"]', '2021-05-27 09:39:30', '2021-05-27 09:39:30', 1, 1, 0);
INSERT INTO `dish_flavor` VALUES (1397850630734262274, 1397850630700707841, '忌口', '[\"不要葱\",\"不要蒜\",\"不要香菜\",\"不要辣\"]', '2021-05-27 09:42:16', '2021-05-27 09:42:16', 1, 1, 0);
INSERT INTO `dish_flavor` VALUES (1397850630755233794, 1397850630700707841, '辣度', '[\"微辣\",\"中辣\",\"重辣\"]', '2021-05-27 09:42:16', '2021-05-27 09:42:16', 1, 1, 0);
INSERT INTO `dish_flavor` VALUES (1397853423486414850, 1397853423461249026, '辣度', '[\"不辣\",\"微辣\",\"中辣\",\"重辣\"]', '2021-05-27 09:53:22', '2021-05-27 09:53:22', 1, 1, 0);
INSERT INTO `dish_flavor` VALUES (1397854133632413697, 1397854133603053569, '温度', '[\"热饮\",\"常温\",\"去冰\",\"少冰\",\"多冰\"]', '2021-05-27 09:56:11', '2021-05-27 09:56:11', 1, 1, 0);
INSERT INTO `dish_flavor` VALUES (1397855742303186946, 1397855742273826817, '辣度', '[\"不辣\",\"微辣\",\"中辣\",\"重辣\"]', '2021-05-27 10:02:35', '2021-05-27 10:02:35', 1, 1, 0);
INSERT INTO `dish_flavor` VALUES (1397855906497605633, 1397855906468245506, '忌口', '[\"不要葱\",\"不要蒜\",\"不要香菜\",\"不要辣\"]', '2021-05-27 10:03:14', '2021-05-27 10:03:14', 1, 1, 0);
INSERT INTO `dish_flavor` VALUES (1397856190573621250, 1397856190540066818, '辣度', '[\"不辣\",\"微辣\",\"中辣\",\"重辣\"]', '2021-05-27 10:04:21', '2021-05-27 10:04:21', 1, 1, 0);
INSERT INTO `dish_flavor` VALUES (1397859056709316609, 1397859056684150785, '辣度', '[\"不辣\",\"微辣\",\"中辣\",\"重辣\"]', '2021-05-27 10:15:45', '2021-05-27 10:15:45', 1, 1, 0);
INSERT INTO `dish_flavor` VALUES (1397859277837217794, 1397859277812051969, '辣度', '[\"不辣\",\"微辣\",\"中辣\",\"重辣\"]', '2021-05-27 10:16:37', '2021-05-27 10:16:37', 1, 1, 0);
INSERT INTO `dish_flavor` VALUES (1397859487502086146, 1397859487476920321, '辣度', '[\"不辣\",\"微辣\",\"中辣\",\"重辣\"]', '2021-05-27 10:17:27', '2021-05-27 10:17:27', 1, 1, 0);
INSERT INTO `dish_flavor` VALUES (1397859757061615618, 1397859757036449794, '甜味', '[\"无糖\",\"少糖\",\"半躺\",\"多糖\",\"全糖\"]', '2021-05-27 10:18:32', '2021-05-27 10:18:32', 1, 1, 0);
INSERT INTO `dish_flavor` VALUES (1397860963918065665, 1397860963880316929, '辣度', '[\"不辣\",\"微辣\",\"中辣\",\"重辣\"]', '2021-05-27 10:23:19', '2021-05-27 10:23:19', 1, 1, 0);
INSERT INTO `dish_flavor` VALUES (1397861135754506242, 1397861135733534722, '甜味', '[\"无糖\",\"少糖\",\"半躺\",\"多糖\",\"全糖\"]', '2021-05-27 10:24:00', '2021-05-27 10:24:00', 1, 1, 0);
INSERT INTO `dish_flavor` VALUES (1397861370035744769, 1397861370010578945, '辣度', '[\"不辣\",\"微辣\",\"中辣\",\"重辣\"]', '2021-05-27 10:24:56', '2021-05-27 10:24:56', 1, 1, 0);
INSERT INTO `dish_flavor` VALUES (1397861683459305474, 1397861683434139649, '忌口', '[\"不要葱\",\"不要蒜\",\"不要香菜\",\"不要辣\"]', '2021-05-27 10:26:11', '2021-05-27 10:26:11', 1, 1, 0);
INSERT INTO `dish_flavor` VALUES (1397861898467717121, 1397861898438356993, '忌口', '[\"不要葱\",\"不要蒜\",\"不要香菜\",\"不要辣\"]', '2021-05-27 10:27:02', '2021-05-27 10:27:02', 1, 1, 0);
INSERT INTO `dish_flavor` VALUES (1397862198054268929, 1397862198033297410, '忌口', '[\"不要葱\",\"不要蒜\",\"不要香菜\",\"不要辣\"]', '2021-05-27 10:28:14', '2021-05-27 10:28:14', 1, 1, 0);
INSERT INTO `dish_flavor` VALUES (1397862477835317250, 1397862477831122945, '辣度', '[\"不辣\",\"微辣\",\"中辣\"]', '2024-04-21 10:44:20', '2024-04-21 10:44:20', 1, 1, 0);
INSERT INTO `dish_flavor` VALUES (1398089545865015297, 1398089545676271617, '温度', '[\"热饮\",\"常温\",\"去冰\",\"少冰\",\"多冰\"]', '2021-05-28 01:31:38', '2021-05-28 01:31:38', 1, 1, 0);
INSERT INTO `dish_flavor` VALUES (1398089782323097601, 1398089782285348866, '辣度', '[\"不辣\",\"微辣\",\"中辣\",\"重辣\"]', '2021-05-28 01:32:34', '2021-05-28 01:32:34', 1, 1, 0);
INSERT INTO `dish_flavor` VALUES (1398090003262255106, 1398090003228700673, '忌口', '[\"不要葱\",\"不要蒜\",\"不要香菜\",\"不要辣\"]', '2021-05-28 01:33:27', '2021-05-28 01:33:27', 1, 1, 0);
INSERT INTO `dish_flavor` VALUES (1398090264554811394, 1398090264517062657, '忌口', '[\"不要葱\",\"不要蒜\",\"不要香菜\",\"不要辣\"]', '2021-05-28 01:34:29', '2021-05-28 01:34:29', 1, 1, 0);
INSERT INTO `dish_flavor` VALUES (1398090455399837698, 1398090455324340225, '辣度', '[\"不辣\",\"微辣\",\"中辣\",\"重辣\"]', '2021-05-28 01:35:14', '2021-05-28 01:35:14', 1, 1, 0);
INSERT INTO `dish_flavor` VALUES (1398090685449023490, 1398090685419663362, '温度', '[\"热饮\",\"常温\",\"去冰\",\"少冰\",\"多冰\"]', '2021-05-28 01:36:09', '2021-05-28 01:36:09', 1, 1, 0);
INSERT INTO `dish_flavor` VALUES (1398090825358422017, 1398090825329061889, '忌口', '[\"不要葱\",\"不要蒜\",\"不要香菜\",\"不要辣\"]', '2021-05-28 01:36:43', '2021-05-28 01:36:43', 1, 1, 0);
INSERT INTO `dish_flavor` VALUES (1398091007051476993, 1398091007017922561, '辣度', '[\"不辣\",\"微辣\",\"中辣\",\"重辣\"]', '2021-05-28 01:37:26', '2021-05-28 01:37:26', 1, 1, 0);
INSERT INTO `dish_flavor` VALUES (1398091296164851713, 1398091296131297281, '辣度', '[\"不辣\",\"微辣\",\"中辣\",\"重辣\"]', '2021-05-28 01:38:35', '2021-05-28 01:38:35', 1, 1, 0);
INSERT INTO `dish_flavor` VALUES (1398091546531246081, 1398091546480914433, '忌口', '[\"不要葱\",\"不要蒜\",\"不要香菜\",\"不要辣\"]', '2021-05-28 01:39:35', '2021-05-28 01:39:35', 1, 1, 0);
INSERT INTO `dish_flavor` VALUES (1398091729809747969, 1398091729788776450, '辣度', '[\"不辣\",\"微辣\",\"中辣\",\"重辣\"]', '2021-05-28 01:40:18', '2021-05-28 01:40:18', 1, 1, 0);
INSERT INTO `dish_flavor` VALUES (1398091889499484161, 1398091889449152513, '辣度', '[\"不辣\",\"微辣\",\"中辣\",\"重辣\"]', '2021-05-28 01:40:56', '2021-05-28 01:40:56', 1, 1, 0);
INSERT INTO `dish_flavor` VALUES (1398092095179763713, 1398092095142014978, '辣度', '[\"不辣\",\"微辣\",\"中辣\",\"重辣\"]', '2021-05-28 01:41:45', '2021-05-28 01:41:45', 1, 1, 0);
INSERT INTO `dish_flavor` VALUES (1398092283877306370, 1398092283847946241, '辣度', '[\"不辣\",\"微辣\",\"中辣\",\"重辣\"]', '2021-05-28 01:42:30', '2021-05-28 01:42:30', 1, 1, 0);
INSERT INTO `dish_flavor` VALUES (1398094018939236354, 1398094018893099009, '辣度', '[\"不辣\",\"微辣\",\"中辣\",\"重辣\"]', '2021-05-28 01:49:24', '2021-05-28 01:49:24', 1, 1, 0);
INSERT INTO `dish_flavor` VALUES (1398094391494094850, 1398094391456346113, '辣度', '[\"不辣\",\"微辣\",\"中辣\",\"重辣\"]', '2021-05-28 01:50:53', '2021-05-28 01:50:53', 1, 1, 0);
INSERT INTO `dish_flavor` VALUES (1399574026165727233, 1399305325713600514, '辣度', '[\"不辣\",\"微辣\",\"中辣\",\"重辣\"]', '2021-06-01 03:50:25', '2021-06-01 03:50:25', 1399309715396669441, 1399309715396669441, 0);
INSERT INTO `dish_flavor` VALUES (1413389540592263169, 1413384757047271425, '温度', '[\"常温\",\"冷藏\"]', '2021-07-12 09:09:16', '2021-07-12 09:09:16', 1, 1, 0);
INSERT INTO `dish_flavor` VALUES (1413389684020682754, 1413342036832100354, '温度', '[\"常温\",\"冷藏\"]', '2024-04-19 16:16:37', '2024-04-19 16:16:37', 1, 1, 0);

-- ----------------------------
-- Table structure for employee
-- ----------------------------
DROP TABLE IF EXISTS `employee`;
CREATE TABLE `employee`  (
  `id` bigint NOT NULL COMMENT '主键',
  `name` varchar(32) CHARACTER SET utf8 COLLATE utf8_bin NOT NULL COMMENT '姓名',
  `username` varchar(32) CHARACTER SET utf8 COLLATE utf8_bin NOT NULL COMMENT '用户名',
  `password` varchar(64) CHARACTER SET utf8 COLLATE utf8_bin NOT NULL COMMENT '密码',
  `phone` varchar(11) CHARACTER SET utf8 COLLATE utf8_bin NOT NULL COMMENT '手机号',
  `sex` varchar(2) CHARACTER SET utf8 COLLATE utf8_bin NOT NULL COMMENT '性别',
  `id_number` varchar(18) CHARACTER SET utf8 COLLATE utf8_bin NOT NULL COMMENT '身份证号',
  `status` int NOT NULL DEFAULT 1 COMMENT '状态 0:禁用，1:正常',
  `create_time` datetime NOT NULL COMMENT '创建时间',
  `update_time` datetime NOT NULL COMMENT '更新时间',
  `create_user` bigint NOT NULL COMMENT '创建人',
  `update_user` bigint NOT NULL COMMENT '修改人',
  PRIMARY KEY (`id`) USING BTREE,
  UNIQUE INDEX `idx_username`(`username` ASC) USING BTREE
) ENGINE = InnoDB CHARACTER SET = utf8 COLLATE = utf8_bin COMMENT = '员工信息' ROW_FORMAT = Dynamic;

-- ----------------------------
-- Records of employee
-- ----------------------------
INSERT INTO `employee` VALUES (1, '管理员', 'admin', 'e10adc3949ba59abbe56e057f20f883e', '13812312312', '1', '110101199001010047', 1, '2021-05-06 17:20:07', '2021-05-10 02:24:09', 1, 1);
INSERT INTO `employee` VALUES (1789224752023920641, '小明', 'xiaoming', 'e10adc3949ba59abbe56e057f20f883e', '13021675888', '1', '370205222222222222', 1, '2024-05-11 17:23:18', '2024-05-11 17:23:18', 1, 1);

-- ----------------------------
-- Table structure for order_detail
-- ----------------------------
DROP TABLE IF EXISTS `order_detail`;
CREATE TABLE `order_detail`  (
  `id` bigint NOT NULL COMMENT '主键',
  `name` varchar(50) CHARACTER SET utf8 COLLATE utf8_bin NULL DEFAULT NULL COMMENT '名字',
  `image` varchar(100) CHARACTER SET utf8 COLLATE utf8_bin NULL DEFAULT NULL COMMENT '图片',
  `order_id` bigint NOT NULL COMMENT '订单id',
  `dish_id` bigint NULL DEFAULT NULL COMMENT '菜品id',
  `setmeal_id` bigint NULL DEFAULT NULL COMMENT '套餐id',
  `dish_flavor` varchar(50) CHARACTER SET utf8 COLLATE utf8_bin NULL DEFAULT NULL COMMENT '口味',
  `number` int NOT NULL DEFAULT 1 COMMENT '数量',
  `amount` decimal(10, 2) NOT NULL COMMENT '金额',
  PRIMARY KEY (`id`) USING BTREE
) ENGINE = InnoDB CHARACTER SET = utf8 COLLATE = utf8_bin COMMENT = '订单明细表' ROW_FORMAT = Dynamic;

-- ----------------------------
-- Records of order_detail
-- ----------------------------
INSERT INTO `order_detail` VALUES (1781139498381922305, '麻辣水煮鱼', '1fdbfbf3-1d86-4b29-a3fc-46345852f2f8.jpg', 1781139498314813441, 1397854652581064706, NULL, '不要蒜,中辣', 1, 148.00);
INSERT INTO `order_detail` VALUES (1781139498381922306, '白切鸡', '9ec6fc2d-50d2-422e-b954-de87dcd04198.jpeg', 1781139498314813441, 1397860578738352129, NULL, NULL, 1, 66.00);
INSERT INTO `order_detail` VALUES (1795082435578859521, '黄瓜', '057dd338-e487-4bbc-a74c-0384c44a9ca3.jpg', 1795082435511750658, 1397850851245600769, NULL, NULL, 1, 128.00);
INSERT INTO `order_detail` VALUES (1795082435578859522, '胶州白菜', '41550b1e-a345-4381-a301-ee7dd7858a8d.jpg', 1795082435511750658, 1397851668262465537, NULL, NULL, 1, 168.00);
INSERT INTO `order_detail` VALUES (1795103887816429571, '金针菇', 'f966a38e-0780-40be-bb52-5699d13cb3d9.jpg', 1795103887816429570, 1397849739276890114, NULL, NULL, 1, 78.00);
INSERT INTO `order_detail` VALUES (1795103887816429572, '杏鲍菇', '0a3b3288-3446-4420-bbff-f263d0c02d8e.jpg', 1795103887816429570, 1397850140982161409, NULL, NULL, 1, 68.00);
INSERT INTO `order_detail` VALUES (1795103929512005635, '果篮', 'c3ced1c4-ced4-4f1a-bbd4-642b34590420.png', 1795103929512005634, NULL, 1781159681850880002, NULL, 1, 5.00);
INSERT INTO `order_detail` VALUES (1795103929512005636, '鱼翅', '740c79ce-af29-41b8-b78d-5f49c96e38c4.jpg', 1795103929512005634, 1397850392090947585, NULL, NULL, 1, 48.00);
INSERT INTO `order_detail` VALUES (1795111963151900674, '上海青', 'f0d88117-8475-423e-9536-65536344d3b0.jpg', 1795111963084791809, 1397851099502260226, NULL, NULL, 1, 118.00);
INSERT INTO `order_detail` VALUES (1795111963151900675, '见手青', 'f0b820a7-28bc-4f68-8303-41e1e6b57ac9.jpg', 1795111963084791809, 1397851370462687234, NULL, NULL, 1, 138.00);
INSERT INTO `order_detail` VALUES (1795112362453835779, '上海青', 'f0d88117-8475-423e-9536-65536344d3b0.jpg', 1795112362453835778, 1397851099502260226, NULL, NULL, 1, 118.00);
INSERT INTO `order_detail` VALUES (1795112362453835780, '见手青', 'f0b820a7-28bc-4f68-8303-41e1e6b57ac9.jpg', 1795112362453835778, 1397851370462687234, NULL, NULL, 1, 138.00);
INSERT INTO `order_detail` VALUES (1795155628574437379, '猪肉', 'a116f487-be97-489c-b128-200795824621.jpg', 1795155628574437378, 1397853709101740034, NULL, NULL, 1, 98.00);
INSERT INTO `order_detail` VALUES (1795155628574437380, '上海青', 'f0d88117-8475-423e-9536-65536344d3b0.jpg', 1795155628574437378, 1397851099502260226, NULL, NULL, 1, 118.00);
INSERT INTO `order_detail` VALUES (1795159915639664642, '黄瓜', '2bd365b3-4a9e-4232-b07b-4707ff07ca44.jpg', 1795159915639664641, 1397850851245600769, NULL, NULL, 1, 128.00);
INSERT INTO `order_detail` VALUES (1795159915639664643, '杏鲍菇', '0a3b3288-3446-4420-bbff-f263d0c02d8e.jpg', 1795159915639664641, 1397850140982161409, NULL, NULL, 1, 68.00);
INSERT INTO `order_detail` VALUES (1795295409673367554, '土豆', '682a2ed9-c3d7-47c6-abbe-bd0be7318d7c.jpeg', 1795295409606258690, 1795158219547013121, NULL, NULL, 1, 4.00);
INSERT INTO `order_detail` VALUES (1795295409673367555, '鸵鸟蛋', 'e80dcbcb-bb57-448e-9ae9-398920777a2d.jpg', 1795295409606258690, 1795106536452296706, NULL, NULL, 1, 74.00);
INSERT INTO `order_detail` VALUES (1795295409673367556, '一半一半', 'e12c6c70-7b65-44e3-b768-e9b596cf8e2f.jpg', 1795295409606258690, NULL, 1795156924484349953, NULL, 1, 655.00);

-- ----------------------------
-- Table structure for orders
-- ----------------------------
DROP TABLE IF EXISTS `orders`;
CREATE TABLE `orders`  (
  `id` bigint NOT NULL COMMENT '主键',
  `number` varchar(50) CHARACTER SET utf8 COLLATE utf8_bin NULL DEFAULT NULL COMMENT '订单号',
  `status` int NOT NULL DEFAULT 1 COMMENT '订单状态 1待付款，2待派送，3已派送，4已完成，5已取消',
  `user_id` bigint NOT NULL COMMENT '下单用户',
  `address_book_id` bigint NOT NULL COMMENT '地址id',
  `order_time` datetime NOT NULL COMMENT '下单时间',
  `checkout_time` datetime NOT NULL COMMENT '结账时间',
  `pay_method` int NOT NULL DEFAULT 1 COMMENT '支付方式 1微信,2支付宝',
  `amount` decimal(10, 2) NOT NULL COMMENT '实收金额',
  `remark` varchar(100) CHARACTER SET utf8 COLLATE utf8_bin NULL DEFAULT NULL COMMENT '备注',
  `phone` varchar(255) CHARACTER SET utf8 COLLATE utf8_bin NULL DEFAULT NULL,
  `address` varchar(255) CHARACTER SET utf8 COLLATE utf8_bin NULL DEFAULT NULL,
  `user_name` varchar(255) CHARACTER SET utf8 COLLATE utf8_bin NULL DEFAULT NULL,
  `consignee` varchar(255) CHARACTER SET utf8 COLLATE utf8_bin NULL DEFAULT NULL,
  PRIMARY KEY (`id`) USING BTREE
) ENGINE = InnoDB CHARACTER SET = utf8 COLLATE = utf8_bin COMMENT = '订单表' ROW_FORMAT = Dynamic;

-- ----------------------------
-- Records of orders
-- ----------------------------
INSERT INTO `orders` VALUES (1781139498314813441, '1781139498314813441', 2, 1781139164754399233, 1781139381746716674, '2024-04-19 09:55:23', '2024-04-19 09:55:23', 1, 214.00, '', '13812345678', '昌平区金燕龙办公楼', NULL, 't');
INSERT INTO `orders` VALUES (1795082435511750658, '1795082435511750658', 2, 1780782956872732673, 1781142704142983169, '2024-05-27 21:19:38', '2024-05-27 21:19:38', 1, 296.00, '', '13021678222', '青岛农业大学', NULL, 't');
INSERT INTO `orders` VALUES (1795103887816429570, '1795103887816429570', 2, 1780782956872732673, 1781142704142983169, '2024-05-27 22:44:53', '2024-05-27 22:44:53', 1, 146.00, '', '13021678222', '青岛农业大学', NULL, 't');
INSERT INTO `orders` VALUES (1795103929512005634, '1795103929512005634', 2, 1780782956872732673, 1781142704142983169, '2024-05-27 22:45:03', '2024-05-27 22:45:03', 1, 53.00, '', '13021678222', '青岛农业大学', NULL, 't');
INSERT INTO `orders` VALUES (1795111963084791809, '1795111963084791809', 2, 1780782956872732673, 1781142704142983169, '2024-05-27 23:16:58', '2024-05-27 23:16:58', 1, 256.00, '', '13021678222', '青岛农业大学', NULL, 't');
INSERT INTO `orders` VALUES (1795112362453835778, '1795112362453835778', 2, 1780782956872732673, 1781142704142983169, '2024-05-27 23:18:33', '2024-05-27 23:18:33', 1, 256.00, '', '13021678222', '青岛农业大学', NULL, 't');
INSERT INTO `orders` VALUES (1795155628574437378, '1795155628574437378', 2, 1780782956872732673, 1781142704142983169, '2024-05-28 02:10:29', '2024-05-28 02:10:29', 1, 216.00, '快送', '13021678222', '青岛农业大学', NULL, 't');
INSERT INTO `orders` VALUES (1795159915639664641, '1795159915639664641', 2, 1780782956872732673, 1795159806793281538, '2024-05-28 02:27:31', '2024-05-28 02:27:31', 1, 196.00, '快点送', '13021678222', '山东省青岛市市北区合肥路16号8号楼1单元303户', NULL, '田');
INSERT INTO `orders` VALUES (1795295409606258690, '1795295409606258690', 2, 1780782956872732673, 1795159806793281538, '2024-05-28 11:25:55', '2024-05-28 11:25:55', 1, 733.00, '', '13021678222', '山东省青岛市市北区合肥路16号8号楼1单元303户', NULL, '田');

-- ----------------------------
-- Table structure for setmeal
-- ----------------------------
DROP TABLE IF EXISTS `setmeal`;
CREATE TABLE `setmeal`  (
  `id` bigint NOT NULL COMMENT '主键',
  `category_id` bigint NOT NULL COMMENT '菜品分类id',
  `name` varchar(64) CHARACTER SET utf8 COLLATE utf8_bin NOT NULL COMMENT '套餐名称',
  `price` decimal(10, 2) NOT NULL COMMENT '套餐价格',
  `status` int NULL DEFAULT NULL COMMENT '状态 0:停用 1:启用',
  `code` varchar(32) CHARACTER SET utf8 COLLATE utf8_bin NULL DEFAULT NULL COMMENT '编码',
  `description` varchar(512) CHARACTER SET utf8 COLLATE utf8_bin NULL DEFAULT NULL COMMENT '描述信息',
  `image` varchar(255) CHARACTER SET utf8 COLLATE utf8_bin NULL DEFAULT NULL COMMENT '图片',
  `create_time` datetime NOT NULL COMMENT '创建时间',
  `update_time` datetime NOT NULL COMMENT '更新时间',
  `create_user` bigint NOT NULL COMMENT '创建人',
  `update_user` bigint NOT NULL COMMENT '修改人',
  `is_deleted` int NOT NULL DEFAULT 0 COMMENT '是否删除',
  PRIMARY KEY (`id`) USING BTREE,
  UNIQUE INDEX `idx_setmeal_name`(`name` ASC) USING BTREE
) ENGINE = InnoDB CHARACTER SET = utf8 COLLATE = utf8_bin COMMENT = '套餐' ROW_FORMAT = Dynamic;

-- ----------------------------
-- Records of setmeal
-- ----------------------------
INSERT INTO `setmeal` VALUES (1795156769005694978, 1781356401998172162, '肉食礼盒', 66600.00, 1, '', '无肉不欢', 'aadeb57f-4a92-4aa8-865e-5d926ff925a5.jpg', '2024-05-28 02:15:01', '2024-05-28 02:15:01', 1, 1, 0);
INSERT INTO `setmeal` VALUES (1795156924484349953, 1413386191767674881, '一半一半', 65500.00, 1, '', '荤素搭配', 'e12c6c70-7b65-44e3-b768-e9b596cf8e2f.jpg', '2024-05-28 02:15:38', '2024-05-28 02:15:38', 1, 1, 0);
INSERT INTO `setmeal` VALUES (1795157074460078082, 1781356401998172162, '谷物礼盒', 20000.00, 1, '', '盒子挺好看的', '80334e6a-1280-4aa8-ae2c-7d4d6fd440ac.jpg', '2024-05-28 02:16:14', '2024-05-28 02:16:14', 1, 1, 0);
INSERT INTO `setmeal` VALUES (1795157231373185026, 1413342269393674242, '素菜混搭', 5000.00, 1, '', '便宜卖了', '419f7a5a-6285-4559-b5d4-6a02d1bbb0dd.jpg', '2024-05-28 02:16:51', '2024-05-28 02:16:51', 1, 1, 0);

-- ----------------------------
-- Table structure for setmeal_dish
-- ----------------------------
DROP TABLE IF EXISTS `setmeal_dish`;
CREATE TABLE `setmeal_dish`  (
  `id` bigint NOT NULL COMMENT '主键',
  `setmeal_id` varchar(32) CHARACTER SET utf8 COLLATE utf8_bin NOT NULL COMMENT '套餐id ',
  `dish_id` varchar(32) CHARACTER SET utf8 COLLATE utf8_bin NOT NULL COMMENT '菜品id',
  `name` varchar(32) CHARACTER SET utf8 COLLATE utf8_bin NULL DEFAULT NULL COMMENT '菜品名称 （冗余字段）',
  `price` decimal(10, 2) NULL DEFAULT NULL COMMENT '菜品原价（冗余字段）',
  `copies` int NOT NULL COMMENT '份数',
  `sort` int NOT NULL DEFAULT 0 COMMENT '排序',
  `create_time` datetime NOT NULL COMMENT '创建时间',
  `update_time` datetime NOT NULL COMMENT '更新时间',
  `create_user` bigint NOT NULL COMMENT '创建人',
  `update_user` bigint NOT NULL COMMENT '修改人',
  `is_deleted` int NOT NULL DEFAULT 0 COMMENT '是否删除',
  PRIMARY KEY (`id`) USING BTREE
) ENGINE = InnoDB CHARACTER SET = utf8 COLLATE = utf8_bin COMMENT = '套餐菜品关系' ROW_FORMAT = Dynamic;

-- ----------------------------
-- Records of setmeal_dish
-- ----------------------------
INSERT INTO `setmeal_dish` VALUES (1795156769072803841, '1795156769005694978', '1397853709101740034', '猪肉', 9800.00, 1, 0, '2024-05-28 02:15:01', '2024-05-28 02:15:01', 1, 1, 0);
INSERT INTO `setmeal_dish` VALUES (1795156769072803842, '1795156769005694978', '1397853183287013378', '兔肉', 19800.00, 1, 0, '2024-05-28 02:15:01', '2024-05-28 02:15:01', 1, 1, 0);
INSERT INTO `setmeal_dish` VALUES (1795156769072803843, '1795156769005694978', '1397852391150759938', '牛肉', 8800.00, 1, 0, '2024-05-28 02:15:01', '2024-05-28 02:15:01', 1, 1, 0);
INSERT INTO `setmeal_dish` VALUES (1795156769072803844, '1795156769005694978', '1795104473077026817', '羊肉', 10000.00, 1, 0, '2024-05-28 02:15:01', '2024-05-28 02:15:01', 1, 1, 0);
INSERT INTO `setmeal_dish` VALUES (1795156924484349954, '1795156924484349953', '1397851370462687234', '见手青', 13800.00, 1, 0, '2024-05-28 02:15:38', '2024-05-28 02:15:38', 1, 1, 0);
INSERT INTO `setmeal_dish` VALUES (1795156924484349955, '1795156924484349953', '1397851099502260226', '上海青', 11800.00, 1, 0, '2024-05-28 02:15:38', '2024-05-28 02:15:38', 1, 1, 0);
INSERT INTO `setmeal_dish` VALUES (1795156924484349956, '1795156924484349953', '1397852391150759938', '牛肉', 8800.00, 1, 0, '2024-05-28 02:15:38', '2024-05-28 02:15:38', 1, 1, 0);
INSERT INTO `setmeal_dish` VALUES (1795156924484349957, '1795156924484349953', '1795105620223365121', '大鹅', 6600.00, 1, 0, '2024-05-28 02:15:38', '2024-05-28 02:15:38', 1, 1, 0);
INSERT INTO `setmeal_dish` VALUES (1795157074460078083, '1795157074460078082', '1795109835058483202', '干枣', 1200.00, 1, 0, '2024-05-28 02:16:14', '2024-05-28 02:16:14', 1, 1, 0);
INSERT INTO `setmeal_dish` VALUES (1795157074460078084, '1795157074460078082', '1795109661208776705', '芝麻', 300.00, 1, 0, '2024-05-28 02:16:14', '2024-05-28 02:16:14', 1, 1, 0);
INSERT INTO `setmeal_dish` VALUES (1795157074460078085, '1795157074460078082', '1795109550714032130', '薏米', 2300.00, 1, 0, '2024-05-28 02:16:14', '2024-05-28 02:16:14', 1, 1, 0);
INSERT INTO `setmeal_dish` VALUES (1795157074460078086, '1795157074460078082', '1795104650064072706', '黑米', 500.00, 1, 0, '2024-05-28 02:16:14', '2024-05-28 02:16:14', 1, 1, 0);
INSERT INTO `setmeal_dish` VALUES (1795157074460078087, '1795157074460078082', '1795105393940664322', '花生', 300.00, 1, 0, '2024-05-28 02:16:14', '2024-05-28 02:16:14', 1, 1, 0);
INSERT INTO `setmeal_dish` VALUES (1795157074460078088, '1795157074460078082', '1795105332984844289', '蚕豆', 500.00, 1, 0, '2024-05-28 02:16:14', '2024-05-28 02:16:14', 1, 1, 0);
INSERT INTO `setmeal_dish` VALUES (1795157231440293890, '1795157231373185026', '1397851099502260226', '上海青', 11800.00, 1, 0, '2024-05-28 02:16:51', '2024-05-28 02:16:51', 1, 1, 0);
INSERT INTO `setmeal_dish` VALUES (1795157231440293891, '1795157231373185026', '1397849739276890114', '金针菇', 7800.00, 1, 0, '2024-05-28 02:16:51', '2024-05-28 02:16:51', 1, 1, 0);
INSERT INTO `setmeal_dish` VALUES (1795157231440293892, '1795157231373185026', '1397850851245600769', '黄瓜', 12800.00, 1, 0, '2024-05-28 02:16:51', '2024-05-28 02:16:51', 1, 1, 0);
INSERT INTO `setmeal_dish` VALUES (1795157231440293893, '1795157231373185026', '1397850140982161409', '杏鲍菇', 6800.00, 1, 0, '2024-05-28 02:16:51', '2024-05-28 02:16:51', 1, 1, 0);
INSERT INTO `setmeal_dish` VALUES (1795157231440293894, '1795157231373185026', '1397851668262465537', '胶州白菜', 16800.00, 1, 0, '2024-05-28 02:16:51', '2024-05-28 02:16:51', 1, 1, 0);

-- ----------------------------
-- Table structure for shopping_cart
-- ----------------------------
DROP TABLE IF EXISTS `shopping_cart`;
CREATE TABLE `shopping_cart`  (
  `id` bigint NOT NULL COMMENT '主键',
  `name` varchar(50) CHARACTER SET utf8 COLLATE utf8_bin NULL DEFAULT NULL COMMENT '名称',
  `image` varchar(100) CHARACTER SET utf8 COLLATE utf8_bin NULL DEFAULT NULL COMMENT '图片',
  `user_id` bigint NOT NULL COMMENT '主键',
  `dish_id` bigint NULL DEFAULT NULL COMMENT '菜品id',
  `setmeal_id` bigint NULL DEFAULT NULL COMMENT '套餐id',
  `dish_flavor` varchar(50) CHARACTER SET utf8 COLLATE utf8_bin NULL DEFAULT NULL COMMENT '口味',
  `number` int NOT NULL DEFAULT 1 COMMENT '数量',
  `amount` decimal(10, 2) NOT NULL COMMENT '金额',
  `create_time` datetime NULL DEFAULT NULL COMMENT '创建时间',
  PRIMARY KEY (`id`) USING BTREE
) ENGINE = InnoDB CHARACTER SET = utf8 COLLATE = utf8_bin COMMENT = '购物车' ROW_FORMAT = Dynamic;

-- ----------------------------
-- Records of shopping_cart
-- ----------------------------
INSERT INTO `shopping_cart` VALUES (1795159370937987074, '黄瓜', '2bd365b3-4a9e-4232-b07b-4707ff07ca44.jpg', 1, 1397850851245600769, NULL, NULL, 1, 128.00, '2024-05-28 02:25:21');
INSERT INTO `shopping_cart` VALUES (1795159373815279618, '金针菇', 'c203c040-5a6c-4856-a42a-d4d05421742d.jpg', 1, 1397849739276890114, NULL, NULL, 1, 78.00, '2024-05-28 02:25:22');
INSERT INTO `shopping_cart` VALUES (1795159395000709122, '一半一半', 'e12c6c70-7b65-44e3-b768-e9b596cf8e2f.jpg', 1, NULL, 1795156924484349953, NULL, 1, 655.00, '2024-05-28 02:25:27');

-- ----------------------------
-- Table structure for user
-- ----------------------------
DROP TABLE IF EXISTS `user`;
CREATE TABLE `user`  (
  `id` bigint NOT NULL COMMENT '主键',
  `name` varchar(50) CHARACTER SET utf8 COLLATE utf8_bin NULL DEFAULT NULL COMMENT '姓名',
  `phone` varchar(100) CHARACTER SET utf8 COLLATE utf8_bin NOT NULL COMMENT '手机号',
  `sex` varchar(2) CHARACTER SET utf8 COLLATE utf8_bin NULL DEFAULT NULL COMMENT '性别',
  `id_number` varchar(18) CHARACTER SET utf8 COLLATE utf8_bin NULL DEFAULT NULL COMMENT '身份证号',
  `avatar` varchar(500) CHARACTER SET utf8 COLLATE utf8_bin NULL DEFAULT NULL COMMENT '头像',
  `status` int NULL DEFAULT 0 COMMENT '状态 0:禁用，1:正常',
  PRIMARY KEY (`id`) USING BTREE
) ENGINE = InnoDB CHARACTER SET = utf8 COLLATE = utf8_bin COMMENT = '用户信息' ROW_FORMAT = Dynamic;

-- ----------------------------
-- Records of user
-- ----------------------------
INSERT INTO `user` VALUES (1780782956872732673, NULL, '13021678222', NULL, NULL, NULL, 1);
INSERT INTO `user` VALUES (1781138710456750081, NULL, '13021678216', NULL, NULL, NULL, 1);
INSERT INTO `user` VALUES (1781139164754399233, NULL, '13812345678', NULL, NULL, NULL, 1);

SET FOREIGN_KEY_CHECKS = 1;
